<?xml version="1.0"?>
<Runs Version="1" Minor="0">
	<Run Id="VGA_source_bd_clk_wiz_0_0_synth_1" LaunchDir="C:/Users/pc195667/TP_video/TP_video.runs/VGA_source_bd_clk_wiz_0_0_synth_1" FlowId="Vivado_Synthesis" FromStepId="vivado" ToStepId="vivado"/>
	<Run Id="VGA_source_bd_c_counter_binary_0_0_synth_1" LaunchDir="C:/Users/pc195667/TP_video/TP_video.runs/VGA_source_bd_c_counter_binary_0_0_synth_1" FlowId="Vivado_Synthesis" FromStepId="vivado" ToStepId="vivado"/>
	<Run Id="VGA_source_bd_v_tc_0_0_synth_1" LaunchDir="C:/Users/pc195667/TP_video/TP_video.runs/VGA_source_bd_v_tc_0_0_synth_1" FlowId="Vivado_Synthesis" FromStepId="vivado" ToStepId="vivado"/>
	<Run Id="VGA_source_bd_proc_sys_reset_0_0_synth_1" LaunchDir="C:/Users/pc195667/TP_video/TP_video.runs/VGA_source_bd_proc_sys_reset_0_0_synth_1" FlowId="Vivado_Synthesis" FromStepId="vivado" ToStepId="vivado"/>
	<Run Id="synth_1" LaunchDir="C:/Users/pc195667/TP_video/TP_video.runs/synth_1" FlowId="Vivado_Synthesis" FromStepId="vivado" ToStepId="vivado">
		<Parent Id="VGA_source_bd_clk_wiz_0_0_synth_1"/>
		<Parent Id="VGA_source_bd_c_counter_binary_0_0_synth_1"/>
		<Parent Id="VGA_source_bd_v_tc_0_0_synth_1"/>
		<Parent Id="VGA_source_bd_proc_sys_reset_0_0_synth_1"/>
	</Run>
	<Parameters>
		<Parameter Name="runs.monitorLSFJobs" Val="true" Type="bool"/>
		<Parameter Name="runs.enableClusterConf" Val="true" Type="bool"/>
	</Parameters>
</Runs>

