<?xml version="1.0" encoding="UTF-8"?>
<!-- Product Version: Vivado v2020.1 (64-bit)                     -->
<!--                                                              -->
<!-- Copyright 1986-2020 Xilinx, Inc. All Rights Reserved.        -->

<hwsession version="1" minor="2">
  <device name="xc7z020_1" gui_info="dashboard1=hw_ila_1[xc7z020_1/hw_ila_1/Waveform=ILA_WAVE_1;xc7z020_1/hw_ila_1/Capture Setup=ILA_CAPTURE_1;xc7z020_1/hw_ila_1/Status=ILA_STATUS_1;xc7z020_1/hw_ila_1/Trigger Setup=ILA_TRIGGER_1;xc7z020_1/hw_ila_1/Settings=ILA_SETTINGS_1;]"/>
  <ObjectList object_type="hw_device" gui_info="">
    <Object name="xc7z020_1" gui_info="">
      <Properties Property="FULL_PROBES.FILE" value=""/>
      <Properties Property="PROBES.FILE" value=""/>
      <Properties Property="PROGRAM.HW_BITSTREAM" value="$_project_name_.runs/impl_1/VGA_source_bd_wrapper.bit"/>
      <Properties Property="SLR.COUNT" value="1"/>
    </Object>
  </ObjectList>
  <ObjectList object_type="hw_ila" gui_info="">
    <Object name="" gui_info="">
      <Properties Property="CONTROL.TRIGGER_CONDITION" value="AND"/>
      <Properties Property="CORE_REFRESH_RATE_MS" value="500"/>
    </Object>
    <Object name="VGA_source_bd_i/system_ila_0/inst/ila_lib" gui_info="">
      <Properties Property="CONTROL.TRIGGER_CONDITION" value="AND"/>
      <Properties Property="CONTROL.TRIGGER_MODE" value="ADVANCED_ONLY"/>
      <Properties Property="CONTROL.TSM_FILE" value="C:/Users/pc195667/Downloads/OneDrive_1_10-11-2025/indic_debug_fsm.tsm"/>
      <Properties Property="CORE_REFRESH_RATE_MS" value="500"/>
    </Object>
    <Object name="VGA_source_bd_i/system_ila_1/inst/ila_lib" gui_info="">
      <Properties Property="CONTROL.TRIGGER_CONDITION" value="AND"/>
      <Properties Property="CORE_REFRESH_RATE_MS" value="500"/>
    </Object>
  </ObjectList>
  <ObjectList object_type="hw_probe" gui_info="">
    <Object name="VGA_source_bd_i/system_ila_0/inst/probe0_1" gui_info="Trigger Setup=0"/>
    <Object name="VGA_source_bd_i/system_ila_0/inst/probe1_1" gui_info=""/>
  </ObjectList>
  <probeset name="hw project" active="false">
    <probe type="ila" busType="net" source="netlist" spec="ILA_V2_RT">
      <probeOptions Id="DebugProbeParams">
        <Option Id="CAPTURE_COMPARE_VALUE" value="eq1&apos;bX"/>
        <Option Id="COMPARE_VALUE.0" value="eq1&apos;bX"/>
        <Option Id="DISPLAY_AS_ENUM" value="1"/>
        <Option Id="DISPLAY_HINT" value=""/>
        <Option Id="DISPLAY_RADIX" value="HEX"/>
        <Option Id="DISPLAY_VISIBILITY" value=""/>
        <Option Id="HW_ILA" value="hw_ila_1"/>
        <Option Id="LINK_TO_WAVEFORM" value="1"/>
        <Option Id="MAP" value="probe0[0]"/>
        <Option Id="NAME.CUSTOM" value="v_tc_0_hsync_out"/>
        <Option Id="NAME.SELECT" value="Long"/>
        <Option Id="SOURCE" value="netlist"/>
        <Option Id="TRIGGER_COMPARE_VALUE" value="eq1&apos;bX"/>
        <Option Id="WAVEFORM_STYLE" value="Digital"/>
      </probeOptions>
      <nets>
        <net name="VGA_source_bd_i/system_ila_0/inst/probe0_1"/>
      </nets>
    </probe>
    <probe type="ila" busType="net" source="netlist" spec="ILA_V2_RT">
      <probeOptions Id="DebugProbeParams">
        <Option Id="CAPTURE_COMPARE_VALUE" value="eq1&apos;bX"/>
        <Option Id="COMPARE_VALUE.0" value="eq1&apos;bX"/>
        <Option Id="DISPLAY_AS_ENUM" value="1"/>
        <Option Id="DISPLAY_HINT" value=""/>
        <Option Id="DISPLAY_RADIX" value="HEX"/>
        <Option Id="DISPLAY_VISIBILITY" value=""/>
        <Option Id="HW_ILA" value="hw_ila_1"/>
        <Option Id="LINK_TO_WAVEFORM" value="1"/>
        <Option Id="MAP" value="probe1[0]"/>
        <Option Id="NAME.CUSTOM" value="v_tc_0_hsync_out"/>
        <Option Id="NAME.SELECT" value="Custom"/>
        <Option Id="SOURCE" value="netlist"/>
        <Option Id="TRIGGER_COMPARE_VALUE" value="eq1&apos;bX"/>
        <Option Id="WAVEFORM_STYLE" value="Digital"/>
      </probeOptions>
      <nets>
        <net name="VGA_source_bd_i/system_ila_0/inst/probe1_1"/>
      </nets>
    </probe>
    <probe type="ila" busType="net" source="netlist" spec="ILA_V2_RT">
      <probeOptions Id="DebugProbeParams">
        <Option Id="CAPTURE_COMPARE_VALUE" value="eq1&apos;bX"/>
        <Option Id="COMPARE_VALUE.0" value="eq1&apos;bX"/>
        <Option Id="DISPLAY_AS_ENUM" value="1"/>
        <Option Id="DISPLAY_HINT" value=""/>
        <Option Id="DISPLAY_RADIX" value="HEX"/>
        <Option Id="DISPLAY_VISIBILITY" value=""/>
        <Option Id="HW_ILA" value="hw_ila_1"/>
        <Option Id="LINK_TO_WAVEFORM" value="1"/>
        <Option Id="MAP" value="probe2[0]"/>
        <Option Id="NAME.CUSTOM" value="v_tc_0_vsync_out"/>
        <Option Id="NAME.SELECT" value="Custom"/>
        <Option Id="SOURCE" value="netlist"/>
        <Option Id="TRIGGER_COMPARE_VALUE" value="eq1&apos;bX"/>
        <Option Id="WAVEFORM_STYLE" value="Digital"/>
      </probeOptions>
      <nets>
        <net name="VGA_source_bd_i/system_ila_0/inst/probe2_1"/>
      </nets>
    </probe>
    <probe type="ila" busType="net" source="netlist" spec="ILA_V2_RT">
      <probeOptions Id="DebugProbeParams">
        <Option Id="CAPTURE_COMPARE_VALUE" value="eq4&apos;hX"/>
        <Option Id="COMPARE_VALUE.0" value="eq4&apos;hX"/>
        <Option Id="DISPLAY_AS_ENUM" value="1"/>
        <Option Id="DISPLAY_HINT" value=""/>
        <Option Id="DISPLAY_RADIX" value="HEX"/>
        <Option Id="DISPLAY_VISIBILITY" value=""/>
        <Option Id="HW_ILA" value="hw_ila_2"/>
        <Option Id="LINK_TO_WAVEFORM" value="1"/>
        <Option Id="MAP" value="probe0[3:0]"/>
        <Option Id="NAME.CUSTOM" value="xlslice_0_Dout"/>
        <Option Id="NAME.SELECT" value="Custom"/>
        <Option Id="SOURCE" value="netlist"/>
        <Option Id="TRIGGER_COMPARE_VALUE" value="eq4&apos;hX"/>
        <Option Id="WAVEFORM_STYLE" value="Digital"/>
      </probeOptions>
      <nets>
        <net name="VGA_source_bd_i/system_ila_1/inst/probe0_1[3]"/>
        <net name="VGA_source_bd_i/system_ila_1/inst/probe0_1[2]"/>
        <net name="VGA_source_bd_i/system_ila_1/inst/probe0_1[1]"/>
        <net name="VGA_source_bd_i/system_ila_1/inst/probe0_1[0]"/>
      </nets>
    </probe>
  </probeset>
</hwsession>
