<?xml version="1.0" encoding="UTF-8"?>
<GenRun Id="impl_1" LaunchPart="xc7z020clg484-1" LaunchTime="1763039843">
  <File Type="ROUTE-PWR" Name="VGA_source_bd_wrapper_power_routed.rpt"/>
  <File Type="PA-TCL" Name="VGA_source_bd_wrapper.tcl"/>
  <File Type="ROUTE-PWR-SUM" Name="VGA_source_bd_wrapper_power_summary_routed.pb"/>
  <File Type="REPORTS-TCL" Name="VGA_source_bd_wrapper_reports.tcl"/>
  <File Type="BITSTR-MSK" Name="VGA_source_bd_wrapper.msk"/>
  <File Type="ROUTE-CLK" Name="VGA_source_bd_wrapper_clock_utilization_routed.rpt"/>
  <File Type="RDI-RDI" Name="VGA_source_bd_wrapper.vdi"/>
  <File Type="BG-BIT" Name="VGA_source_bd_wrapper.bit"/>
  <File Type="BG-DRC" Name="VGA_source_bd_wrapper.drc"/>
  <File Type="BG-BGN" Name="VGA_source_bd_wrapper.bgn"/>
  <File Type="BG-BIN" Name="VGA_source_bd_wrapper.bin"/>
  <File Type="BITSTR-RBT" Name="VGA_source_bd_wrapper.rbt"/>
  <File Type="BITSTR-NKY" Name="VGA_source_bd_wrapper.nky"/>
  <File Type="BITSTR-BMM" Name="VGA_source_bd_wrapper_bd.bmm"/>
  <File Type="ROUTE-METHODOLOGY-DRC" Name="VGA_source_bd_wrapper_methodology_drc_routed.rpt"/>
  <File Type="BITSTR-MMI" Name="VGA_source_bd_wrapper.mmi"/>
  <File Type="ROUTE-METHODOLOGY-DRC-PB" Name="VGA_source_bd_wrapper_methodology_drc_routed.pb"/>
  <File Type="BITSTR-SYSDEF" Name="VGA_source_bd_wrapper.sysdef"/>
  <File Type="ROUTE-DRC-RPX" Name="VGA_source_bd_wrapper_drc_routed.rpx"/>
  <File Type="BITSTR-LTX" Name="debug_nets.ltx"/>
  <File Type="BITSTR-LTX" Name="VGA_source_bd_wrapper.ltx"/>
  <File Type="RCFI_FILE" Name="VGA_source_bd_wrapper.rcfi"/>
  <File Type="WBT-USG" Name="usage_statistics_webtalk.html"/>
  <File Type="OPT-DRC" Name="VGA_source_bd_wrapper_drc_opted.rpt"/>
  <File Type="OPT-HWDEF" Name="VGA_source_bd_wrapper.hwdef"/>
  <File Type="PLACE-IO" Name="VGA_source_bd_wrapper_io_placed.rpt"/>
  <File Type="PLACE-UTIL" Name="VGA_source_bd_wrapper_utilization_placed.rpt"/>
  <File Type="PLACE-UTIL-PB" Name="VGA_source_bd_wrapper_utilization_placed.pb"/>
  <File Type="PLACE-CTRL" Name="VGA_source_bd_wrapper_control_sets_placed.rpt"/>
  <File Type="PLACE-PRE-SIMILARITY" Name="VGA_source_bd_wrapper_incremental_reuse_pre_placed.rpt"/>
  <File Type="ROUTE-DRC" Name="VGA_source_bd_wrapper_drc_routed.rpt"/>
  <File Type="ROUTE-DRC-PB" Name="VGA_source_bd_wrapper_drc_routed.pb"/>
  <File Type="ROUTE-PWR-RPX" Name="VGA_source_bd_wrapper_power_routed.rpx"/>
  <File Type="ROUTE-STATUS" Name="VGA_source_bd_wrapper_route_status.rpt"/>
  <File Type="ROUTE-STATUS-PB" Name="VGA_source_bd_wrapper_route_status.pb"/>
  <File Type="ROUTE-DCP" Name="VGA_source_bd_wrapper_routed.dcp"/>
  <File Type="ROUTE-ERROR-DCP" Name="VGA_source_bd_wrapper_routed_error.dcp"/>
  <File Type="ROUTE-BLACKBOX-DCP" Name="VGA_source_bd_wrapper_routed_bb.dcp"/>
  <File Type="ROUTE-TIMINGSUMMARY" Name="VGA_source_bd_wrapper_timing_summary_routed.rpt"/>
  <File Type="ROUTE-TIMING-PB" Name="VGA_source_bd_wrapper_timing_summary_routed.pb"/>
  <File Type="ROUTE-TIMING-RPX" Name="VGA_source_bd_wrapper_timing_summary_routed.rpx"/>
  <File Type="ROUTE-BUS-SKEW" Name="VGA_source_bd_wrapper_bus_skew_routed.rpt"/>
  <File Type="ROUTE-BUS-SKEW-PB" Name="VGA_source_bd_wrapper_bus_skew_routed.pb"/>
  <File Type="ROUTE-BUS-SKEW-RPX" Name="VGA_source_bd_wrapper_bus_skew_routed.rpx"/>
  <File Type="OPT-DCP" Name="VGA_source_bd_wrapper_opt.dcp"/>
  <File Type="PLACE-DCP" Name="VGA_source_bd_wrapper_placed.dcp"/>
  <File Type="PWROPT-DCP" Name="VGA_source_bd_wrapper_pwropt.dcp"/>
  <File Type="POSTPLACE-PWROPT-DCP" Name="VGA_source_bd_wrapper_postplace_pwropt.dcp"/>
  <File Type="PHYSOPT-DCP" Name="VGA_source_bd_wrapper_physopt.dcp"/>
  <File Type="POSTROUTE-PHYSOPT-DCP" Name="VGA_source_bd_wrapper_postroute_physopt.dcp"/>
  <File Type="POSTROUTE-PHYSOPT-BLACKBOX-DCP" Name="VGA_source_bd_wrapper_postroute_physopt_bb.dcp"/>
  <File Type="ROUTE-METHODOLOGY-DRC-RPX" Name="VGA_source_bd_wrapper_methodology_drc_routed.rpx"/>
  <File Type="PDI-FILE" Name="VGA_source_bd_wrapper.pdi"/>
  <File Type="CFI_FILE" Name="VGA_source_bd_wrapper.cfi"/>
  <File Type="RNPI_FILE" Name="VGA_source_bd_wrapper.rnpi"/>
  <File Type="NPI_FILE" Name="VGA_source_bd_wrapper.npi"/>
  <File Type="RBD_FILE" Name="VGA_source_bd_wrapper.rbd"/>
  <FileSet Name="sources" Type="DesignSrcs" RelSrcDir="$PSRCDIR/sources_1">
    <Filter Type="Srcs"/>
    <File Path="$PSRCDIR/sources_1/new/bit_extraction.vhd">
      <FileInfo>
        <Attr Name="UsedIn" Val="synthesis"/>
        <Attr Name="UsedIn" Val="simulation"/>
      </FileInfo>
    </File>
    <File Path="$PSRCDIR/sources_1/bd/VGA_source_bd/VGA_source_bd.bd">
      <FileInfo>
        <Attr Name="UsedIn" Val="synthesis"/>
        <Attr Name="UsedIn" Val="implementation"/>
        <Attr Name="UsedIn" Val="simulation"/>
      </FileInfo>
    </File>
    <File Path="$PSRCDIR/sources_1/bd/VGA_source_bd/hdl/VGA_source_bd_wrapper.v">
      <FileInfo>
        <Attr Name="UsedIn" Val="synthesis"/>
        <Attr Name="UsedIn" Val="implementation"/>
        <Attr Name="UsedIn" Val="simulation"/>
      </FileInfo>
    </File>
    <Config>
      <Option Name="DesignMode" Val="RTL"/>
      <Option Name="TopModule" Val="VGA_source_bd_wrapper"/>
      <Option Name="TopAutoSet" Val="TRUE"/>
    </Config>
  </FileSet>
  <FileSet Name="constrs_in" Type="Constrs" RelSrcDir="$PSRCDIR/constrs_1">
    <Filter Type="Constrs"/>
    <File Path="$PPRDIR/../Downloads/OneDrive_1_10-11-2025/Base_line_top.xdc">
      <FileInfo>
        <Attr Name="UsedIn" Val="synthesis"/>
        <Attr Name="UsedIn" Val="implementation"/>
      </FileInfo>
    </File>
    <Config>
      <Option Name="ConstrsType" Val="XDC"/>
    </Config>
  </FileSet>
  <FileSet Name="utils" Type="Utils" RelSrcDir="$PSRCDIR/utils_1">
    <Filter Type="Utils"/>
    <Config>
      <Option Name="TopAutoSet" Val="TRUE"/>
    </Config>
  </FileSet>
  <Strategy Version="1" Minor="2">
    <StratHandle Name="Vivado Implementation Defaults" Flow="Vivado Implementation 2020"/>
    <Step Id="init_design"/>
    <Step Id="opt_design"/>
    <Step Id="power_opt_design"/>
    <Step Id="place_design"/>
    <Step Id="post_place_power_opt_design"/>
    <Step Id="phys_opt_design"/>
    <Step Id="route_design"/>
    <Step Id="post_route_phys_opt_design"/>
    <Step Id="write_bitstream"/>
    <Step Id="write_device_image"/>
  </Strategy>
  <BlockFileSet Type="BlockSrcs" Name="VGA_source_bd_clk_wiz_0_0"/>
  <BlockFileSet Type="BlockSrcs" Name="VGA_source_bd_v_tc_0_0"/>
  <BlockFileSet Type="BlockSrcs" Name="VGA_source_bd_c_counter_binary_0_0"/>
  <BlockFileSet Type="BlockSrcs" Name="VGA_source_bd_v_axi4s_vid_out_0_0"/>
  <BlockFileSet Type="BlockSrcs" Name="VGA_source_bd_v_tc_1_0"/>
  <BlockFileSet Type="BlockSrcs" Name="VGA_source_bd_bit_extraction_0_0"/>
  <BlockFileSet Type="BlockSrcs" Name="VGA_source_bd_v_vid_in_axi4s_0_0"/>
  <BlockFileSet Type="BlockSrcs" Name="VGA_source_bd_proc_sys_reset_0_2"/>
</GenRun>
